PN Surabaya,Wanprestasi,https://sipp.pn-surabayakota.go.id/,09/18/2021 11:03:09
PN Surabaya,Wanprestasi,https://sipp.pn-surabayakota.go.id/,09/27/2021 00:06:16
PN Surabaya,Wanprestasi,https://sipp.pn-surabayakota.go.id/,09/27/2021 00:07:50
PN Surabaya,Wanprestasi,https://sipp.pn-surabayakota.go.id/,09/27/2021 00:10:49
PN Surabaya,Wanprestasi,https://sipp.pn-surabayakota.go.id/,09/27/2021 00:11:53
PN Surabaya,Wanprestasi,https://sipp.pn-surabayakota.go.id/,09/27/2021 00:13:30
PN Semarang,Wanprestasi,https://sipp.pn-semarangkota.go.id/,09/27/2021 00:14:52
PN Surabaya,Wanprestasi,https://sipp.pn-surabayakota.go.id/,09/27/2021 00:14:55
PN Surabaya,Wanprestasi,https://sipp.pn-surabayakota.go.id/,09/27/2021 00:23:47
PN Surabaya,Wanprestasi,https://sipp.pn-surabayakota.go.id/,09/27/2021 00:35:40
PN Surabaya,Wanprestasi,https://sipp.pn-surabayakota.go.id/,09/27/2021 00:45:48
PN Surabaya,Wanprestasi,https://sipp.pn-surabayakota.go.id/,09/27/2021 00:46:12
PN Surabaya,Wanprestasi,https://sipp.pn-surabayakota.go.id/,09/27/2021 00:59:20
PN Surabaya,Wanprestasi,https://sipp.pn-surabayakota.go.id/,09/27/2021 00:59:54
PN Surabaya,Wanprestasi,https://sipp.pn-surabayakota.go.id/,09/28/2021 06:22:27
PN Surabaya,Wanprestasi,https://sipp.pn-surabayakota.go.id/,09/28/2021 06:46:07
PN Surabaya,Wanprestasi,https://sipp.pn-surabayakota.go.id/,09/28/2021 20:25:54
PN Surabaya,Wanprestasi,https://sipp.pn-surabayakota.go.id/,09/28/2021 21:22:10
PN Surabaya,Wanprestasi,https://sipp.pn-surabayakota.go.id/,09/28/2021 21:24:59
PN Semarang,Wanprestasi,sipp.pn-semarangkota.go.id/,09/28/2021 21:27:31
PN Surabaya,Wanprestasi,https://sipp.pn-surabayakota.go.id/,09/28/2021 21:57:35
PN Surabaya,Wanprestasi,https://sipp.pn-surabayakota.go.id/,09/28/2021 22:00:26
PN Surabaya,Wanprestasi,https://sipp.pn-surabayakota.go.id/,09/28/2021 22:03:16
PN Semarang,Wanprestasi,https://sipp.pn-semarangkota.go.id/,09/28/2021 22:03:18
PN Malang,Wanprestasi,https://sipp.pn-malang.go.id/,09/28/2021 22:03:20
PN Surabaya,Wanprestasi,https://sipp.pn-surabayakota.go.id/,09/28/2021 22:04:44
PN Surabaya,Wanprestasi,https://sipp.pn-surabayakota.go.id/,09/28/2021 22:35:04
PN Semarang,Wanprestasi,sipp.pn-semarangkota.go.id/,09/28/2021 22:38:15
PN Surabaya,Wanprestasi,https://sipp.pn-surabayakota.go.id/,09/28/2021 23:01:16
PN Surabaya,Wanprestasi,https://sipp.pn-surabayakota.go.id/,09/28/2021 23:08:13
PN Semarang,Wanprestasi,sipp.pn-semarangkota.go.id/,09/28/2021 23:10:12
PN Surabaya,Wanprestasi,https://sipp.pn-surabayakota.go.id/,09/28/2021 23:32:10
PN Semarang,Wanprestasi,sipp.pn-semarangkota.go.id/,09/28/2021 23:34:07
PN Surabaya,Wanprestasi,https://sipp.pn-surabayakota.go.id/,09/29/2021 00:14:52
PN Semarang,Wanprestasi,sipp.pn-semarangkota.go.id/,09/29/2021 00:17:00
PN Surabaya,Wanprestasi,https://sipp.pn-surabayakota.go.id/,09/29/2021 00:23:36
PN Semarang,Wanprestasi,sipp.pn-semarangkota.go.id/,09/29/2021 00:25:29
PN Surabaya,Wanprestasi,https://sipp.pn-surabayakota.go.id/,09/29/2021 00:29:52
PN Surabaya,Wanprestasi,https://sipp.pn-surabayakota.go.id/,09/29/2021 00:32:11
PN Surabaya,Wanprestasi,https://sipp.pn-surabayakota.go.id/,09/29/2021 00:33:46
PN Surabaya,Wanprestasi,https://sipp.pn-surabayakota.go.id/,09/29/2021 00:53:12
PN Surabaya,Wanprestasi,https://sipp.pn-surabayakota.go.id/,09/29/2021 01:13:52
PN Surabaya,Wanprestasi,https://sipp.pn-surabayakota.go.id/,09/29/2021 01:17:35
PN Surabaya,Wanprestasi,https://sipp.pn-surabayakota.go.id/,09/29/2021 02:00:20
PN Surabaya,Wanprestasi,https://sipp.pn-surabayakota.go.id/,09/29/2021 02:28:45
PN Semarang,Wanprestasi,sipp.pn-semarangkota.go.id/,09/29/2021 02:31:18
PN Surabaya,Wanprestasi,https://sipp.pn-surabayakota.go.id/,09/29/2021 02:51:46
PN Semarang,Wanprestasi,sipp.pn-semarangkota.go.id/,09/29/2021 02:54:06
